,2014-01-01,2014-02-01,2014-03-01,2014-04-01,2014-05-01,2014-06-01,2014-07-01,2014-08-01,2014-09-01,2014-10-01,2014-11-01,2014-12-01,2015-01-01,2015-02-01,2015-03-01,2015-04-01,2015-05-01,2015-06-01,2015-07-01,2015-08-01,2015-09-01,2015-10-01,2015-11-01,2015-12-01,2016-01-01,2016-02-01,2016-03-01,2016-04-01,2016-05-01,2016-06-01,2016-07-01,2016-08-01,2016-09-01,2016-10-01,2016-11-01,2016-12-01,2017-01-01,2017-02-01,2017-03-01,2017-04-01,2017-05-01,2017-06-01,2017-07-01,2017-08-01,2017-09-01,2017-10-01,2017-11-01,2017-12-01,2018-01-01,2018-02-01,2018-03-01,2018-04-01,2018-05-01,2018-06-01,2018-07-01,2018-08-01,2018-09-01,2018-10-01,2018-11-01,2018-12-01,2019-01-01,2019-02-01,2019-03-01,2019-04-01,2019-05-01,2019-06-01,2019-07-01,2019-08-01,2019-09-01,2019-10-01,2019-11-01,2019-12-01,2020-01-01,2020-02-01,2020-03-01,2020-04-01,2020-05-01,2020-06-01,2020-07-01,2020-08-01,2020-09-01,2020-10-01,2020-11-01,2020-12-01
Paris,23.002404152459427,24.34682656650955,24.338485793228326,24.184378212924635,21.68817915901932,24.44832229563674,23.637669704844456,20.79527320664274,23.89881412132408,21.348290444701924,18.925169499542598,16.904692751664964,21.39376207394949,24.067470921719462,25.048184689247744,26.28456577149024,23.811160961618487,23.951375476842387,21.695851189284205,22.746926972798196,23.83131694244582,22.151410102634706,20.23293898215229,23.00140561351221,22.073825086266016,18.461824235703578,24.53159857110695,23.91247481954512,24.145807084309816,21.62823443787588,21.93815018085551,23.04401469826951,22.656184740979516,23.246498794061377,23.04521322333763,21.782955255813253,21.263119876366286,19.836839661824932,24.605253957840358,25.64118360472586,23.578810556220837,23.349755027258322,21.811768326028847,21.814361068683297,22.228050711092887,21.426462744390744,19.83124951176561,17.119539485859306,16.098812446706535,26.367485331597287,23.87616778887798,25.249154976437644,24.49290551388045,22.67912437479468,22.30668011162465,23.314512393769245,23.872423260247796,24.461883288750307,23.164000121475095,18.982566327058755,19.87813157043292,22.162996067718847,25.244751275358382,24.73043037257812,23.028351355671663,22.89125316299242,23.308275968528935,23.27576865666319,22.50191828074092,13.023004589197239,16.84298362117713,21.719123810723627,20.031887951988466,24.345317151569514,24.72872664668236,23.585979652313853,22.8331142584522,22.576399949801626,21.454460839025135,21.062295042824466,22.58577417530365,19.348862035647247,17.2267753281449,13.678556683220048
Nice,3.3634710597351556,3.4423945964365714,3.572344046215819,3.4503005844345846,3.658497207360016,3.586682062060791,3.465273335126434,3.6796724255438136,3.6972883457708114,3.50225941253102,3.2758728201415113,3.8972282929141535,3.737721861782287,3.5324994820890647,3.3824770795689307,3.3526244185774634,3.4121832963981578,3.3960094303769535,3.206504877505925,3.4387080302463775,3.3485455002291395,3.356548493552419,3.4148455238803144,3.334267540995603,3.6646927155965834,3.4561148570778455,3.5885019647928584,3.5358919080982485,3.595122394467571,3.273323631248359,3.333105368980954,3.3727379618262514,3.3741038604531504,3.452916510768838,3.545775576854389,3.701517317973668,3.612269022636814,3.652119265206607,3.764965048914066,3.7167525299990567,3.6144918875020866,3.407355836644651,3.311085792831365,3.4585974270913415,3.5271865383173195,3.7040208230015654,3.6811778056445132,3.665919832314291,3.729302475051444,3.463683229298176,3.649015494100944,3.5207416901546766,3.453346619287812,3.4731648327401774,3.3103913805988365,3.623553992175289,3.4217656375460344,3.450794937599307,3.189870532818004,3.461195343818252,3.623000000108242,3.568816779015413,3.606043325212701,3.5546584736534577,3.38014894506959,3.4487292329056336,3.236167168763823,3.359779787475423,3.4015898960577253,3.4056162607704206,3.5319820315640054,3.491517017100485,3.372263244787786,3.524578925389903,3.356696979390622,3.222440313251601,3.2795132533605305,3.503149519446028,3.040912921070551,3.3069597021836246,3.146317272446134,3.1713055209556162,3.49133515411884,3.2144980958994185
Toulouse,4.777806677201556,5.0274783096901325,4.5508716599918255,5.379509797153142,5.07140016510527,5.5308311712757385,5.126737522912122,5.415982753174342,5.621795582620471,5.611112952466784,4.868032903210632,4.682495741007282,4.459988246206572,5.481302929864101,4.777515520717497,5.770592080050988,4.766843596659518,4.994827217087689,5.019633663479798,4.932078605650492,4.902587661319452,4.995869436509134,4.792577887520836,4.910815111649627,4.733455081661766,4.932710927823868,4.511391489686047,4.580342867998373,4.996421081648427,4.794583752842081,4.924770548979492,4.747092112387692,4.969972318392099,5.020869204129876,4.2639311177894275,4.540260370585562,4.690059046487677,5.003515471441885,4.868496790688636,5.221794986689326,5.072262538706183,5.0026129875539445,4.40205592805098,4.728522890762102,4.559627971596822,4.7340292498903285,4.903725230115749,3.8070770163643464,3.564921359166828,3.906629335108543,4.534160414674888,4.866817881446797,4.398246317671893,4.396805279201071,4.397657757936467,4.71041139908741,4.356869196657158,4.080970266486458,4.443659359356813,3.726279651217259,3.609725527686423,4.6157007673021395,4.716353217523234,4.573741289873002,4.661751314351255,4.586934994864318,4.300630673922617,4.472789069082094,4.272492027607802,4.263390402320092,3.236323184086602,3.8386347116568045,3.8696250655905926,4.3238339549577205,4.444209896288862,4.4181198117200005,4.526455639631538,4.576661076735514,4.321122900349785,4.149306384782594,4.072029262698366,3.868598607560324,4.403188835073323,3.1953572372102172
Marseille,5.227348041109549,6.005932231156522,6.101827810305411,5.819513173639784,5.943393972960034,5.788194562968885,5.84699835808179,5.710301898025223,5.990193220000076,5.740263445442801,5.143129191473429,6.199648196945996,6.224659859789484,5.926423412910465,6.079247164365098,5.892931711572938,6.0094963241047985,5.564439916365205,5.534647254046798,5.338763474957694,5.7173254706842505,5.728126463916644,5.592378384512408,5.422315310131146,5.955174136635056,5.7423689233509325,5.70394064019684,5.730170499623449,6.9559474344417636,5.684442139642035,5.60491500084257,5.727759121336188,5.579402768991211,5.773536880201473,5.451330022615555,6.030942414267274,5.803423840439983,5.865185729113118,5.9259281584020025,6.083406032114607,5.726933231535374,5.347076338301454,5.670849273142671,5.512881398340431,5.613405772612812,5.994042739847162,5.971077642496932,5.726080096007137,5.764787130631421,5.957548273124011,6.708876715595901,5.877643002003762,5.520135501053839,5.900589880025935,5.808569822244196,5.593180328992688,5.532167319823589,5.678825833763066,5.048359562877578,5.508136480929808,5.72229510340166,5.726632256409569,6.116731981931327,5.527919930263911,5.859737816344461,7.122944150406306,5.431862543138828,5.436333624967275,5.48506957979486,5.606645195835298,5.786471635878827,5.646439824370109,5.335925444605514,5.745050189058785,5.813837704355996,5.234923210449335,5.623867596491692,5.9147858102567765,5.634602646824876,5.491193180330425,5.052157000366045,5.509267312667725,5.696106842732662,5.358745165635227
Rennes,4.203696195174149,2.9854548344881273,1.3473234257697733,1.3325368697319109,1.288813509282465,1.7344680121682274,1.587254733925437,1.397251830939078,1.5482412616209194,1.3407783333303838,3.6188312885794596,3.127145834359612,3.365454224966729,3.3046327546667307,3.4481738101741013,1.4947543009228093,1.4054476054348954,1.522865668521788,1.018560819940137,1.2138886110273939,1.1829785848397796,1.1480918342077375,3.795251320266497,4.468140622373686,3.7479831176314526,3.6243625316611134,4.153266160669352,1.4494869259308312,1.3422379851474504,1.257243983276448,1.141559304737228,1.117313805393465,0.9618390616015453,2.2670277167189736,3.0106456750088926,3.7019162005267283,2.868321699969438,4.051183943933692,2.1862069899382197,1.5641608849657707,1.6286815000407755,1.3723480017569052,1.1232906172086776,1.33445775204366,2.3289339861278324,4.451953868980512,3.9077828315576806,3.8197038662555376,3.7095330609441413,3.2199524232137806,1.9910892523823944,1.6047829510472211,1.4826950833839254,1.417513846393165,1.5788792680202903,1.2090196731350422,1.3437203776238533,1.361474466573081,3.664727876831486,3.280709977109191,3.1537170260162717,2.7167417962225784,1.699132805840291,1.4618849459053864,1.458671129940792,1.452840168157305,1.3691146734430988,1.3770465779223708,1.3941633508704885,1.1011708549490893,2.502489624735899,2.561999633075813,1.5887089651724449,1.8665807680435043,1.5294843394391378,1.1079091468998752,1.5694816869831933,1.6889030200313764,1.2824791334825747,1.166299470284607,1.1102466829171274,1.4042707911802434,1.499622029066023,1.4112963313248288
Grenoble,2.0062605477030893,2.1648615439119667,2.5201729126343553,2.3533402011376583,2.5073300975405197,2.481140792558316,2.2164094422046396,2.311646805737075,2.496992954371186,2.405148039363452,2.0354172578139895,2.5861631768584865,2.4816992748662945,2.695165536780291,2.1939029329777284,2.2712761729948743,2.2131814258939797,2.320111616905587,2.095244116434853,2.180448656138733,2.0942518252855873,2.02395658966469,2.339154740167406,2.060873009794012,1.8440028968597513,1.6851029110593865,2.2777865582688728,2.191182466310229,2.433147444017126,1.8745323048379208,2.1049786164067723,2.0106233863651966,2.0985082734126723,2.2094372603532757,2.1811498339125204,2.176336764921125,2.3885566805859506,2.3296858844750385,2.4217950400762778,2.4595007032122918,2.4043546762908545,2.39596895036196,1.957432500869411,2.1703141929985486,2.104132334222233,2.285342239361026,2.321392867270882,2.1404176835486384,1.9275297897633261,2.0270368583035943,2.214879804344502,2.4367664829700844,2.172118242186196,2.396210306127137,1.982345709153214,2.198246452582871,2.052006182090246,2.165043543857147,2.1490246162885143,1.520925739596622,2.1022758356605316,2.329595524429052,2.1522260364200987,2.1037214296139544,1.967703274708484,2.207552762722254,1.970141238674856,1.9751431813856826,2.0025874419351193,1.9119598587828812,1.6449553144745128,1.913117757506024,1.8044952748562983,1.9375909296726304,2.0405752717349137,2.0150002410408323,2.290012948640016,2.4190146219913893,1.9369035783297577,2.0610594898286907,1.841225250835263,1.703869984183095,2.0737487152791063,1.9428347960041341
Nantes,2.492354278699508,2.525705617785464,2.7322262060067897,2.960649465447118,2.666938221674055,2.9895006183629245,2.8137293760061324,2.6445551968911447,3.0239158968554234,2.937365632150823,2.564863519268807,2.4509606784453744,3.149325661770307,2.850558380537747,2.8237992353972725,3.1055750874644596,2.7640020367477325,2.904138988251952,2.396526163458932,2.4676960764079916,2.401717947270209,2.682721979736477,1.9241992710819449,2.3980191801029993,2.2988545763116828,2.108107895876159,2.6647572961605497,2.756159741494039,2.9244347888999336,2.6117545636258006,2.6829128170712098,2.500294398680297,2.3534017747909415,2.7969746333136376,3.418345443294772,3.3030536500288377,3.3324511897088755,2.1120738913680954,2.834190223269141,2.950659731924363,2.8413907047024796,2.7220495964426874,2.20677235859974,2.5684261810546922,2.683511573585197,2.417500072211832,3.427595016322234,2.85982738252584,2.414544092338302,2.5504385316595863,2.653843769457328,2.8074588278861867,2.688843644455253,2.637519865511245,2.624805359865467,2.4012701316296363,2.6617885036465423,2.5857581246498844,3.2917401300114726,2.8900891410087106,2.777967774305362,2.7117741766455956,2.61891684003448,2.7865376200134344,2.6189863974184457,2.578587026486099,2.544694169516435,2.312683716872627,2.521285721893392,1.6923971944909595,3.0173835169505154,3.944848468034452,2.744149375639706,2.6374651599673617,2.946442503296186,2.2199643443337242,2.6822726004815722,2.8206035240162204,2.617631769966739,2.2137309363850095,2.3108810949749397,2.378055994874749,3.428943034392054,3.001274456967208
Montpellier,3.416021298960397,3.9581395952313403,3.8548187823043643,3.987236637476861,4.234354233958623,4.063596046719158,3.7738399146166044,3.7859437305952848,3.9321235858826156,3.8790852637593884,3.51490751213938,4.076048722234746,4.125872990402531,4.0217782178257,3.8038076441360764,3.914062673424809,4.038140863977973,3.8168804152955778,3.677152685624616,3.6583862899464963,3.6867092255393823,3.679545025262282,3.7352471595639343,3.481097709554637,3.8200764628930446,3.684906610666974,3.7815998288226433,3.633563080968828,3.9778103642860256,3.835088780397979,3.755497933274954,3.6896710778457837,3.7617664677326097,3.899375863091455,3.4966090723770624,3.7653346141480837,3.713481658188577,3.7311041027459915,3.981595610453001,4.113350415450604,3.970242140154202,3.53921625106594,3.7672078923134493,3.5313766513409264,3.7760544700769887,4.01431547734842,3.9092143913426676,3.6396896163734285,3.5695155095878013,3.856468114217581,3.8769089683344857,3.9048698471835426,3.691910678998049,3.873458500706114,3.579524566979591,3.7339474346127854,3.5412862870320523,3.3374788138193088,3.0464926068573437,3.481431776760123,3.7133045967297504,3.641984190076667,3.855008312191774,3.67347629619659,3.6958568211991825,3.5894028116484558,3.4344873396285442,3.471565427252695,3.546032723475194,3.5159067661653207,3.383876498390082,3.509571266400042,3.2514491271663153,3.415071026671815,3.49694951735714,3.0468597279729894,3.6445965652153918,3.941714760303108,3.252256981877419,3.400211471585516,3.0878661811649235,3.3803649104695292,3.543168767771973,3.4347774070505066
Lyon,5.511652806798929,6.539769929328075,7.364483437350047,7.345305716688463,7.244454762353401,7.646764903117802,7.104051574128994,7.136549203568364,7.471922126721481,7.221608322984089,6.7007399233535585,6.666924031284993,6.561909357674251,6.551072714512844,7.055857542386215,7.553324544790589,7.096003727565815,6.831770943924372,6.99839211238511,7.027772128036869,7.093531018369884,6.226756645286465,6.3245272243247515,6.281899184438029,5.979113179769588,5.483032572893509,7.132049804143027,6.645363940047386,7.6056729774318015,6.3537653101869696,6.952454534460403,6.818577635195912,6.738902235297248,7.023072683007585,6.780978989170427,6.568379116022658,6.30133317646486,6.818807512529939,7.163207568945634,7.464946879649714,7.329268834755012,7.054758440842997,6.683575745093812,6.772220261878711,6.67027987394707,7.254805257874709,6.5277208034525,5.300807288364639,6.280819044180671,6.756962984013681,6.760180381245221,7.545451583367597,6.9143532934987615,7.053365782102993,6.7203224181680845,6.888371863271474,6.901678749298228,7.048462950665041,6.625525677162431,5.258784648542555,5.344672646980717,6.670704632770791,7.087666980322241,7.167995951538598,7.184544181911364,7.116721671238822,6.575764560880991,6.664047765623606,6.632972309943154,6.114864803784261,5.607303278439359,5.855907461237422,5.396304669165897,6.266403138170821,6.578005004295134,6.51640635347362,6.901627870561191,6.9249912136295615,6.275525293789811,6.633847045092778,6.306021986376214,5.971665972362684,6.196563365744942,5.631854731467317
Berlin,7.62351927714827,6.428291633209985,5.933238576218411,5.632953486341247,5.709904302560975,6.418304697567999,5.852359363048172,5.711426620504358,5.167921740650361,5.340108516384594,4.582171842577209,6.5053563313902245,6.191238821838992,6.039757013761845,6.104248175639264,6.317197057762255,6.146170555817998,6.088573417294996,5.370177570847197,5.349277574751477,5.59906203010427,5.37605159156937,4.765010256730065,5.192791220466673,7.035106308813038,5.690647297418048,5.932486125144708,6.472899905296858,6.204933205124629,6.3558476701957805,6.067769776435805,5.378495982864639,5.700339688636653,5.582762617470935,4.990911539475693,4.958313676544686,6.845693364095328,5.623932079411658,5.87428105687,6.270408988799497,6.417392003862656,6.758729498466095,5.986649042783112,5.602252689632972,5.936521249323226,5.645719020181559,5.259874026885662,4.789665395310557,4.176886588304585,6.02337683698618,5.984819733711061,6.75749890515949,6.1608698176335785,6.862944919033272,6.577032024522314,6.083351434752562,5.722905027966853,6.384143757261545,6.3572344758091495,4.718519320625444,5.466159762829179,6.317721291133632,5.541977917954299,6.8991743509447145,6.2790132256836415,6.7660752911603215,6.390170980589732,5.711652909009517,6.102919946194265,6.163720395423671,5.624583302298729,5.278791079172973,5.945976607192867,5.388103220580249,6.786659707676162,6.779015968193165,7.003841680324732,7.236022896288655,6.4603107070280315,5.613364516857013,6.067999247430748,5.625953262168656,6.116789047046135,5.7502297346721205
Hamburg,4.241537173730523,3.9779149225646426,4.1421400707430145,3.785676357189919,4.011607055002914,5.408508713241742,4.881174278855352,3.9885001637871786,4.24016503136009,3.7640074138291655,3.49477886924709,3.949817513409705,5.126951316214234,4.1740786607067495,4.568916829020659,4.600499069963908,4.130485846562953,5.976166932352841,3.9518079075143753,3.789537326607754,3.738605334306531,3.8869826989274956,3.2101964976166686,3.4546880813876975,3.7268462080393077,3.5312869332218413,3.9181382563973313,4.2130945397531745,4.507019858621789,5.2264328266445945,3.7840216522018597,3.827986883123374,4.032007927322561,3.5909648220931336,4.510381987038955,4.0573395694618055,3.9793426462345445,3.3076911922526264,4.836138953241918,4.571459878668436,4.780015663754373,5.183634861961515,4.521067943213505,4.008120061321776,4.203153267285646,3.5418713042088146,3.8611813806437736,2.981408710018556,3.3706807085442465,5.0898896267110425,4.209652193859802,4.920756870866439,4.791320080355396,5.2494906524425,4.847862481245852,4.547701754932192,4.457011237628833,4.6220548987345245,4.645918058052368,3.3739622957381306,3.668633030105535,3.865657413193324,3.6050980884711494,4.999545170058203,4.532396359265036,5.2169081205516,4.832333998202258,4.32884871291482,4.35920493792001,4.4991186033185455,4.8363710649382865,3.7525944750327813,3.0652475582767984,3.439185800410154,4.539348181793425,4.73246668263632,5.120381029239073,6.286306872388612,4.8429482313716266,4.278736093234717,4.7338274404166985,3.8064848514530327,2.8656613629741527,4.149043456790824
Munich,3.1123824193135623,3.09774022090165,3.2654041188735543,3.2641910044820945,3.083905726669434,3.323863381954786,3.1370530762878235,3.142745750594412,3.017609515605145,3.1048886569950596,2.765050587523751,4.346912484407006,3.124808695436419,3.954324481908456,3.4154367399772037,3.555653248238358,3.1625472386808733,3.3043494450498336,3.0831723168034872,2.9356601238406466,3.2130974453265404,2.7532124676248557,3.326993187596153,3.1610802337239816,3.882125323376814,3.030544568129026,3.3059543607262416,3.4179265578029456,3.475623490740026,3.2154547905389457,3.012830098162597,2.956268785193174,3.1740517973762565,2.8761861984004655,2.9155673943571,3.102410312971142,6.023461114518251,3.5108365978229896,3.4518467360472136,3.7457730365886315,3.59338741671249,3.539252990791877,3.1432187367787177,3.2503886866125384,3.454372057800634,3.624160385544505,3.260666127738974,3.11493620466546,2.8117241965001725,4.592894000516292,3.6229426246065812,4.0198757261865765,3.341208801244028,3.60740910114094,3.4378715219730447,3.425758161335387,3.42093099731065,3.609311744674845,3.3965054038339337,3.5623601653132373,4.761733709003489,4.827072318028977,3.332589078897223,3.9886059803136362,3.6433841779459124,3.7971349346245447,3.5278195040308638,3.292998389567052,3.394443090453804,3.3452869191127217,3.2745509952872283,3.482321646836379,3.3803957742290582,3.528670796960165,3.736443563529293,3.6674410548131626,3.703250036986194,3.803074275588085,3.6219036214729434,3.5696447865365633,3.396083794347964,3.2909717859974483,3.6873964683077545,3.184800713212543
Cologne,5.785182425781567,6.155357395610963,6.406178732811145,6.057539988167942,5.830596731834009,6.486661378395901,6.322530727077568,5.713191015945111,5.868025301982592,6.160345611517734,5.788710020164887,6.035463105922908,7.697047345210622,6.4206305410156475,6.5441933073983805,7.080020028585535,6.614490011865713,7.046880050590076,5.842577015438328,5.859768211757566,5.9532893332889625,5.2034693235764875,6.763316667068423,6.336543826914081,5.632388855649869,6.351037140307301,6.819316271029291,6.763209222127526,6.804153280969577,5.797117532414253,6.300908482922365,6.382796785237845,6.405011593156357,5.923697008064651,5.622798977697166,5.828987123537711,7.002693531189732,5.456013009455353,7.232115590876632,6.871868303881634,6.879158975512067,6.620127833940239,6.536161991200907,6.31881146767036,6.215564701402141,6.3599202081446915,4.722250204552793,4.476023975094717,4.544931048057036,6.698006713778225,6.693029750383824,7.16708025137774,6.94884754955381,6.255455253321209,6.781743752597989,6.770489983621783,6.933533714652665,7.220078867060449,7.272691961830911,5.8960789069119075,5.17818001337815,6.325798950073072,7.401712614269059,7.345273886243027,6.574421964503561,7.423919254230317,7.175306796879398,6.611428564748469,6.842036882526412,5.816205548923512,6.492551972180944,5.879236438928574,6.276178010043386,6.92696960338931,7.393486338375289,7.202218976837507,7.5030857983651575,7.5282425276963565,7.214200437898391,6.33331249944458,6.3858782132345455,5.61228049215941,6.200461194442627,6.634647919277084
Frankfurt,3.7735065080177987,4.118958178225314,4.417398636188574,4.2836801272031835,4.217082051840738,4.558881784578363,4.58517746851825,4.310291935894774,4.331212613054832,4.058711373927193,3.743087258843791,6.043866119031584,5.001821739047875,4.5343412442470665,4.464993726560325,4.8161149106222485,4.412084603023312,4.512309149134794,4.240666202380705,4.13738291858602,4.214658905398035,4.034378771280634,4.036637095735913,3.392442248037298,3.898790879063449,4.114138257662268,4.121606920098739,4.455456965042186,4.7256467079673365,4.6595304430033435,4.389836343064103,4.240202671288302,4.431562409993902,4.313578170630494,4.377454467535645,3.6485646221252255,4.552260472091462,4.054278557953806,4.70805845101132,5.057709917977154,4.6696602466620165,4.952315849906701,4.5037742829584175,4.410315317684919,4.715954010919186,4.717315318791142,4.112519773079015,2.954735146825506,3.7253741713756554,4.6681202154488,4.9025801811730485,4.958076393470602,4.861653069237154,4.9903870167872935,4.650048500918566,4.8973956847391165,4.89157249303478,4.908741663289971,4.616239862252728,4.046262333596047,3.9249664884392867,4.706746741032542,4.765353771870283,4.813795290845358,4.7093951751568905,5.1480573478555485,4.9609580573958825,4.764757977112026,4.829619678152336,4.24561329398631,3.8030766460865935,3.984629505638272,3.9187335702436132,4.590467438512587,5.029680654604488,4.9276582548299475,5.211454408835148,5.285885046103122,5.0489981718490915,4.617144278999132,4.71165217807943,4.311321447285628,4.194934850245902,3.2711812429657723
Bremen,2.2274494253883876,1.7499043781665737,1.7489837237183,1.447689688863132,1.5389010018196971,2.3900627744154934,2.1070537928409636,1.748571057874727,1.744793010141161,1.7582080061068779,1.359385789793639,1.587271720459505,2.3895758883463456,1.8255587172954066,1.7181521169886527,1.8487388692942957,1.8070362734023666,3.104108840927293,1.7733954325335572,1.2541820614014683,1.5584284925725669,1.517191426598846,1.7816393990734989,1.2573242479871916,2.1671324534019742,2.063007956526021,1.6653885287672632,1.8447576065386817,1.800312012537792,2.606604493201526,1.9763494131719956,1.640910514694063,1.6498152302073346,1.7606296937395316,1.2328645956565136,1.5868284728267352,1.7035336056636194,1.8060963771944039,2.063652591585582,1.8207082297372026,3.4530474103246065,2.854869831914192,2.232067117409845,1.94514229971815,2.0549880843415322,1.7498509607755965,1.6744028976568974,1.2836996711531552,1.6259379550780009,2.2226503380768223,1.8255072127149987,2.0741512714040238,2.178646423690458,3.2990146645235643,2.2773273910648006,1.8454732332818404,1.8960833793218919,2.050670562495847,2.0681938899480836,1.743171228249436,1.7011651427555663,1.9700883499953505,1.8694090621375004,2.1074303820328315,2.058111260924998,2.4685275115550858,2.620419866987682,1.8966230966710853,1.9131380548921242,1.9735594595822739,1.7535348563980517,1.7333834032990476,1.6140781424140946,1.5066945527642146,1.9313775127391581,1.8826405001489719,2.5052932448657343,3.29568411100861,2.2001355919509575,1.9158784007484886,1.9651360773645885,1.6760191006402358,1.606746173889953,1.8180304757278818
Stuttgart,3.0654440635496942,3.383898634753471,3.5874898247792224,3.237640244606909,3.5236203890712594,3.740932682405847,3.3589347777497434,3.5424290231125686,3.2897572284160708,3.2062726174369516,2.6680897176141465,4.085826529816969,3.5719919711309345,3.696895579613079,3.7980112887455055,3.9573247381570282,3.462843660897404,3.3519369091771725,3.440608325011655,3.309707783696619,3.365016072773106,3.2834009065642467,3.6058679769665494,3.540148344164065,3.348745299860231,2.760257537796351,3.7583966968798355,3.5046087318001455,4.041538110233675,3.5630909148800085,3.4209187026625054,3.4342516766662765,3.697043900394188,3.3950045227773704,3.5341694893870397,3.326405137483433,5.198464256313702,3.7428444003100663,4.017998082036334,4.1474419580066275,4.086528152595458,3.8766133307794135,3.7682327889536174,3.643303485741821,3.7490442035861347,3.929148598512777,3.381280870560086,2.958001814680182,3.327913092844279,4.204953540151437,3.9782204805202546,4.310457971237268,3.6649871067926183,3.9688482115027397,3.7407239290253655,3.83337387652156,3.795277245101329,4.076175283768962,4.048575278553757,3.2261651673932925,3.6967776207777097,4.055913682123958,4.029283276626232,3.982062197292996,3.809074204619991,4.282566571497703,3.9134970777480884,3.70237509807648,3.742537994307532,3.6348811448621854,2.9099219954285567,3.8646487680355235,3.513266834876513,3.7784287083287427,4.073672368198409,4.046704458082021,4.292421252086295,4.116081168237528,4.013391559732918,3.8203996835549745,3.7077564852504032,3.369145092204171,4.118502527390748,3.5567661802063717
DÃ¼sseldorf,7.5126177468511735,8.511259422296582,8.86192015818034,8.495944378611597,8.86575534679023,8.745359663893495,8.40516585320487,7.826833354758307,7.836321961890062,8.005207873640543,7.809980573145158,8.78020491602785,10.638575838292693,8.26145935395022,9.229969652766554,9.530616981257209,8.806595733345944,9.200300964204727,8.090386295248608,7.730439475373155,8.35126019632854,6.826833665057778,8.136670338284103,8.804398988057757,7.231861691845124,8.39990416186287,8.965387294802126,10.057262844739677,9.561017788886453,7.986117141958973,8.770957205196359,8.792256955902351,8.741663849499199,8.07711694399171,7.666583033147601,7.964645944221787,9.203964711427803,7.5939550793441235,9.45049401287226,9.0166493557169,9.017865095731846,8.642606435940815,8.780846880578453,8.53747216226489,8.803999491930412,8.654992478186927,6.800238752916499,6.045243053918166,6.004886353417608,8.825308577170677,8.480798993179453,9.382482916445177,9.219791367014135,8.324368014252693,8.97297747020159,8.874749590065584,9.05468118799548,9.514958665472493,9.289698255290826,7.842880700213599,7.392445076932267,8.03488331564544,9.188057299256894,9.900476263770818,8.601634387742925,9.705531003525435,9.115190140480177,8.545676570986426,8.775976759086518,7.967303852258815,8.139029962712085,7.64878790914936,7.995122297515728,9.060421891257631,9.508406771642434,9.394998819015672,9.412381522385166,9.967419167534478,9.0620326843938,8.151668443374463,8.27739531938418,7.7359972786939375,7.637862028766876,8.195260754951113
Dortmund,3.5233537566722695,3.9914856912792898,3.997569080093188,3.826110456913051,3.62447400720741,4.2124759841123,4.0816031966849575,3.5683208633055217,3.7284903950767174,3.7949657185521257,3.563127402693798,3.5832586527464647,4.404380817257393,4.158122986027182,4.042439936113999,4.415044776638685,4.039679987424718,4.471537130440781,3.283983065013624,3.48818114787536,3.6252171899104164,3.097075435418093,3.534670167571324,4.0094128397683875,3.8082233307132793,3.9391624848943967,4.1035739085330425,4.071344621899007,4.198055219308821,4.227377296720702,3.902186471023107,3.77131082415372,3.856578319045809,3.6574395737070953,3.4978578198931576,3.6993071906577337,4.598381402686853,3.7875920259056453,4.434792497121199,4.314290254674372,4.346442597244479,4.491504020585902,3.9643778785522223,3.9080018058982344,3.9763253562379397,3.8337733686257334,3.4407893297154604,2.8772785389991467,3.092206315584195,4.536726377338148,4.118120005957313,4.596291596473436,4.460944459542548,4.516346308025446,4.302863105235363,4.264917601349535,4.424610264429063,4.487307227036168,4.59326006162104,3.4906641612808214,3.4250159752598788,4.165511763896244,4.529428395409332,4.823807443634303,4.188634052916569,4.868067089617919,4.452989406943424,4.161029697151995,4.142832243164254,3.746585985690104,4.1107684873079835,3.9646048138505634,4.121930537364404,4.259588933129375,4.723332696948871,4.586113470958484,4.951963926780985,5.207848196825329,4.468507935334208,4.209628201084294,4.002947439467236,3.871479616058983,3.8765496726016893,4.250953512416294
Essen,6.58144455687222,7.63496060520941,7.91734316971069,7.532803082273294,8.074658638929535,7.842165780348335,7.5379564881444345,6.868610575378233,6.923062696317305,7.050129244700271,6.8295220324490575,8.052103431695766,9.05005772415581,7.47630856165435,8.492670159008298,8.537563719031851,7.823602664479109,8.32311521278655,6.962540602441662,6.7294072492714365,7.291909878725512,5.9637894414634,7.042446516477757,8.001027424822702,6.587129732838531,7.505491315288051,8.009371727158825,8.930789822899678,8.523150352412046,7.420286039405088,7.645874741811456,7.71212080747848,7.637564914941237,7.145743855607516,6.815480639362531,7.024713158889256,8.432524172536548,6.6971805333068986,8.268497176673014,7.960491816455179,7.912485643760117,7.726281377474225,7.825121835216152,7.562104203647885,7.9119967845398405,7.5199575884228125,6.273538006224552,5.329378784174682,4.965083339216456,7.97896611038723,7.359674209133213,8.443544747065248,8.174353212591697,7.646248840204814,8.079498625970272,7.849438319108419,8.094897799806004,8.382826513253121,8.5314786600794,6.843231727170341,6.616468114820971,7.1862146289170905,8.298550518476286,8.842012996581015,7.632481637327901,8.593862031370326,7.955786379979385,7.609812057414742,7.755141257748774,7.06921794705129,7.285551996264008,6.804807782424865,7.212686882920426,7.957314931393717,8.59972576292708,8.416518932815759,8.417421114295093,9.088726892458743,7.955306845633538,7.451167186671626,7.187960999907907,7.056410222922893,6.491813019840209,7.058248014681688
London,14.616257011392456,17.071417047832746,17.13583559304515,17.971170711749014,14.792383431615365,17.61333715307375,18.147679175195563,17.299741130210528,18.06431752027293,15.892482879994398,15.684288088326927,17.070915852072012,16.819524607751998,17.064439942313847,17.158362572747972,17.342497184530416,18.017004456817283,18.739776667386728,16.120954502404977,16.637930124884747,17.185983626440404,16.489922599091567,15.339085739006318,13.718987496386266,17.13314587394831,17.1770846274924,15.33077528916807,17.59424537536854,17.689369638486205,15.278085191967287,16.610250068390894,16.759969781990915,15.825963543344573,16.007787056376603,16.443417666110967,15.978017995261203,15.526288436104654,14.874873092312397,17.013981028864823,16.23010016636352,16.890704380811325,16.356250223386596,15.299593075981495,15.068733134116291,13.876720953076948,15.408449930683815,15.47253344509411,14.136095308371804,14.060401236223845,14.747247897964543,15.217327037180342,16.806343645440275,16.400068072777007,16.132795001430598,16.052031780572257,14.971912718172788,14.519070797971454,14.26040719594388,16.083034768320008,15.110657615973633,14.185469052227788,15.1049930696907,15.39488992390942,16.14166197930789,15.385096230398098,15.839807647541715,15.221775674677723,14.582869279007383,15.018025125580994,13.978511207505164,13.25357853249805,14.825556561725694,12.14802151728088,16.79136203779575,14.737889125223571,15.69311577665011,15.911790546882322,16.33175868608334,15.490222494524307,14.433925757566808,14.387884856576422,13.518970940727131,13.606830332694763,12.736400068810307
Birmingham,7.62590220035021,8.105804494585932,8.237101661935576,8.151922280479136,7.596015681680293,10.390654982179568,9.99600557069884,8.989700758528386,8.899597312515231,7.815474879202545,7.7284369572062745,8.4405855143025,7.846250834404542,8.286658601676823,8.917680686687254,9.190148730974856,8.855215604202266,9.769597609039463,7.689698213045382,8.060851185133599,8.269518056470956,7.9213555143977885,7.547039637147539,7.719118443227795,7.022988126277056,7.9161976035481985,7.334034621687133,7.167161021613001,8.171321588905254,9.749582057686391,9.06137723224706,8.091651451976093,7.220956659079565,7.3737673100898276,7.946363017181821,7.519807600482028,7.165672741779934,6.882612895208239,8.128292787425798,8.242221229606612,9.090252774982927,8.38514848478665,7.521987827864551,7.690687675801525,7.478860560900193,7.083169385000201,7.225940621149854,8.82083953727448,6.941670061200128,7.322192675253173,8.011794020361961,8.267952967764044,8.87464716935023,9.184086884054484,8.578526780864504,8.088199860274417,6.659019187077974,7.863461460171103,7.458849100545866,7.183961070668798,7.403104575949842,7.751948768673991,7.405982700024572,7.840966035328587,7.616948731985704,8.65028276994163,8.140308807503391,7.560176609474048,7.479568588410625,7.649541972017981,6.725716404774602,6.813557025685326,6.377261582200533,7.370696619343026,8.285310771685323,8.037285820677711,8.94872746750145,9.680422080970466,8.798525979306746,7.059678626433622,7.881554158749947,6.37319326026948,7.186132874369072,6.783556693594978
Manchester,7.552537902813393,8.56358187707986,8.211634953553391,8.44306963251183,8.484702454742308,11.413041040434189,9.782299118029576,8.473870772651413,8.483357429417786,7.972561713764319,7.9841755962394245,7.81532368656051,9.477447123650276,7.868738587833437,9.49342138268214,9.686540637612413,8.912611835307647,10.096499077839123,7.9843124935472325,8.41612715284916,8.367661265100926,8.344558154101469,7.52516164770256,8.252554899285585,7.13406986147127,8.087607690021185,8.343129094139307,7.094060883028097,9.174108026350773,9.47264458260634,8.094487049315076,6.988096088134675,7.350731270487359,7.594423007299922,7.953247135669088,7.464390364479303,6.7000217888244,6.299047640463657,8.384847520942627,7.513350248807571,9.72547627738479,9.32967953727039,7.407143800309419,7.445354037785068,7.365810940241498,6.739446360017925,6.610282951272895,7.14045198834529,6.337130367101457,8.366743602470684,8.191468916792617,7.9766305271280045,8.646235648949292,9.58454572026624,8.40381711057195,6.576832184355269,6.607924410957473,7.111006968186879,7.083625047723808,5.851331156321456,6.421627028692596,8.629944533047153,6.3873178855510595,8.029966848877947,7.34609283845036,9.200943168282302,8.59144418439605,6.706861187627979,5.838040706510267,6.808108704038721,6.569972014572209,6.0784666738381,4.985426912939889,6.68469198342369,7.203458205070221,7.6640835648072825,7.834650828206218,8.946986014651353,8.21244445655795,6.552596067001012,7.44472870010276,6.72386278286226,6.060665906210357,6.965478282618266
Leeds,7.0594205064107225,6.464386286885871,6.9136235861254205,5.489715725277753,7.447774658269103,10.400819635528094,8.673856319242073,7.210747011560194,7.013374871830822,7.329548538033958,5.884513185522003,8.634159332266655,7.8704772229080335,6.989716230941078,7.748216189449132,8.100156371457443,8.439801486329781,11.292611162069354,7.179186202355819,7.379043618646469,7.6819159389471405,6.938245231241629,6.693004320707048,6.958440892513724,7.088413421146348,6.671187020557102,7.126507795428501,6.919175679408403,7.8928942346092255,8.918530398255744,8.647867923824036,6.82520732272698,7.109108609170005,6.453483799307361,6.596831579077808,6.628048781698084,5.959589904226058,6.043625272508341,7.1927107386913915,7.891629250925926,8.863181313647859,9.620799649891019,7.946437385217181,7.171620624379343,7.005887528826284,6.541443677037916,6.963274902191345,6.751791389823908,6.8925926817076375,7.0487109748482375,7.033545524186147,7.989181056524914,8.482218356629781,9.301191970827814,8.163787028839325,7.346672920983817,6.37743945141804,7.118896742230083,6.542800934171298,6.402715513602223,6.3550976615533985,7.869794629703502,6.874836065310258,7.784326120727989,7.422698391179385,8.870287500191028,8.215122755595077,6.926867025194892,6.325170181935233,6.42608941677714,6.093590160561979,5.719233376911015,5.862921142870109,6.621489206640295,6.747258803808692,7.503768606823071,8.042510015538872,9.240829194150939,7.828220682548835,6.417050146027747,7.012393137562526,5.6402955293492925,6.416537173554492,6.426052720176289
Newcastle,5.693894397615681,6.8598379915892025,6.7228654829366175,5.901450025040631,5.413721463314463,9.858985944100695,8.217764470458114,6.78501154454999,6.637642252627339,6.836981089125162,5.376738676229571,6.242447039614956,7.224636774611721,6.23424293902352,6.306040075785307,7.032755305410408,7.685569764248046,7.535150132694029,6.353973442540664,6.432899883974479,5.844433715805578,5.527606492371945,5.759629449529223,5.837589811679265,6.032578817908163,5.4787663254759895,5.142162362529509,5.117340350874261,6.003829914208424,3.215011797375544,7.468015170105713,5.431327579028705,5.263264337144779,5.040748632831316,4.649690668258325,5.113283168800655,4.2204099262876325,4.796670157177655,5.632984201102792,5.154971267123282,7.166294701498254,0.0,7.75134214232185,5.175662236577705,5.2248017658787695,4.787762848354754,5.020138814296143,5.481934905473793,6.604238819619427,4.90435162520205,4.735695358817793,5.274571246537161,5.845910300588214,1.8564838729195299,6.331948506993334,4.304328198709133,4.776856588075594,5.086349049695806,4.068293740803917,4.33536211751281,3.793606502004145,8.099171434796627,4.37475993830324,4.679120245926208,4.7679255928203546,0.6021360825326507,4.991716084147965,4.181229714507794,4.205564095730788,3.9373333601233296,3.028950151034065,3.711827881059773,3.544861283752024,4.156894743215498,4.0098984997524765,4.171396297481492,5.251278326643819,1.967893405513827,4.945556963398293,3.414699664297118,3.6503617618976496,3.4885766106574807,4.040872046859119,4.051656554836262
Birstall,4.420350051842501,4.6465939628026,4.347405845533161,4.280999793059654,4.374336401951005,6.109267356068806,5.5579653546139,5.020203625516675,4.805381614117781,4.075932420056996,4.044150425230252,6.113304560324805,4.1792076450186695,4.682207796973039,4.74214021364427,4.896596479967158,4.937104950241382,6.4139983572524875,4.504923278141307,4.333628414373342,4.184652497267569,3.9735020933587797,4.203546628538244,4.350751101079032,4.362957666589951,4.087123874649681,4.183310791827217,3.9264217282593266,4.53416331707479,5.293484197698507,4.8600071066365125,4.2811313138928035,3.8176455311567743,3.9249641754696243,4.269587781954477,4.078851863825844,3.908934958296435,3.5369151750701384,4.227378534513905,4.221287907594618,4.701929688247285,4.471624010091004,4.066273646338492,4.141470097524497,3.762187143635318,3.9368047659428616,3.8474968311057998,4.023335166601807,3.917036298097986,3.945015965427845,3.7378366873400433,4.436249218308425,4.552216014548707,5.023285389132381,4.53157814454626,4.334477031654096,3.6117533966213458,3.790169301992381,4.036773308181769,3.831410821937331,3.786912469954929,4.031019346711444,3.9894769003949473,4.285958236920266,4.218069116315987,4.7794825920813455,4.90156417676346,4.0202852018862645,4.058769269144481,4.140998141375852,3.6721992173917406,3.7154509554367348,3.4128228972049586,4.157915673576581,4.306149490089094,4.22109944819366,4.981149254331877,5.877805161644491,4.552149938228328,3.6757402935533174,4.420954417704638,3.4186059288611514,4.222456012081054,3.800992813254201
Glasgow,5.5419930226623135,5.682531337367047,6.277860737652749,5.783579362431281,7.654980528666604,0.2371486021581351,8.862431657960501,7.2172511496216165,6.9023525375755295,6.519040521720651,5.917500621869493,6.154065909209224,11.584087045558007,6.574013949044203,6.845529721952705,7.8281548988139384,8.895438414760452,0.0,7.602953525464508,6.491830557937319,6.503353816534825,6.240975461055245,6.066089249570383,6.124168964138008,8.435936637173038,6.543880241135064,6.83887342585399,6.557015276046334,6.918095938652232,0.4098605606799287,9.461766894825846,5.907742478581175,4.840586352139797,5.973053440666734,6.171124008052945,5.229863927132541,5.7442922706024335,5.57355943069466,6.423680099638265,6.394182364143298,4.177565295663594,0.0,6.2696672914277665,5.543081570198571,5.437305043631674,4.96439797604004,5.515677955841283,6.423040792329801,8.029799317464173,5.934218746027571,7.3121078276386235,5.4290298234704455,6.75648390972329,0.0,7.228347479601931,4.621972080456484,4.761463230730006,5.441460557594421,5.13136178317923,5.179089817460528,5.351336410522124,6.565540754826689,5.658006004356351,5.890700667942625,5.952586621573945,0.0,5.1821798878747884,5.555382562678463,4.802455567841675,5.100860896511806,4.633205321399506,4.509391714602152,3.6994451376798225,5.4051180657980895,5.14256103907703,5.482381821631468,6.650906089505613,0.0,6.554743045107553,5.176730577706774,5.6308655937294745,4.123431602926341,4.797543105572629,4.765027855090375
Liverpool,6.048597004238263,6.878850842424424,6.192843836800816,6.379198856729519,6.488735753334775,8.630533404969864,7.486008146565047,6.651012398229302,6.692259474095394,6.149045314797794,6.032819080340548,6.535823293173995,6.599786137143336,6.474146947758783,6.9230461871078095,7.632811123841246,6.8371719114357745,9.557708583884455,6.844264222220756,6.731888515173866,6.910273287859766,6.158031081454612,6.452892712583058,6.914215948563467,5.158899045706182,5.992790620850867,6.163741884172537,5.957301830997858,7.221084785667043,9.049742153384969,6.793683706070144,5.9299742240639866,6.022525705383456,5.823482756421334,6.321876554892927,5.856296557055711,5.155815451648251,5.240713951220757,6.678359159691827,5.927873285950916,7.700002454656418,7.842427925222106,4.984667154294558,6.000996269271898,6.062456474832302,5.699448225754668,5.912068272342084,5.648970090008279,5.46077241986447,6.1352199900867985,6.43564904986215,6.457981497307867,6.764622871942675,7.890793871086281,6.9414537637757565,5.059127690627294,5.47864958845762,5.86909221491092,5.838490563400523,4.775653787372619,5.528211326086238,6.479040970457041,5.579563277102959,6.411151387763591,5.822535780358599,7.632382967258111,7.183293600974081,5.890313426562264,4.881499055050964,5.4806392809999975,4.844312144655215,5.2123693768372545,4.331572177150599,5.423560743789118,6.110875789492255,5.90317489351702,6.478187091845558,6.149393028101729,6.658007098661307,5.286807010579249,6.00108055315395,5.129829187699269,4.912500557686967,4.943468156703241
Portsmouth,2.1661803609990073,2.241259037722475,2.0894386988035687,2.0209541448382735,1.9055812140587625,2.5615474451644626,2.5183457181393045,2.2683415888056113,2.3318292468241677,2.151564561903483,1.7616759820998578,2.0372070718790636,2.257146879080668,2.0661285477977196,1.931571270583003,2.3586487904081572,2.1815927611344037,2.4972898644967594,1.832177532716173,1.6803461730615579,1.9174900567404987,1.72665167727345,1.8187239502929455,1.64722059382107,2.0388681841053584,1.7314421308466477,1.8303695980190693,1.7820184987922378,1.8992145871169113,2.2117819201007194,1.9236681037218257,1.8196013063631589,1.5020107969445424,1.9107831224103453,2.025079386521338,1.7953015508228445,1.8402315950812207,1.755233656702965,2.113749421256898,1.9850941147703112,2.1492641833292048,2.2840728288997707,2.025422587333338,1.874608682059779,1.9007729373380693,1.9534616076265254,1.969326485060884,1.6688004040989832,1.9355986215071912,1.9941919058399478,1.8702666392660243,2.0623925800949725,2.158778249427886,2.2373997148558904,2.0888737483771296,2.114375536286626,1.6314796821721484,1.9534307129641273,2.218241152002475,2.0646993711337887,1.8711992273933198,1.956802793012745,1.834973814787105,2.1250668522143052,2.1251117506585144,2.313734767789368,2.0930612657717615,1.8564660290145465,1.755705267085813,1.7347244001913222,1.6946251394026075,1.8848012825854068,1.4054339209733928,1.8600405047487825,1.901495280889247,1.7700239867177137,2.1253883563535854,2.514995067336358,2.0446707774816817,1.6899472797632815,1.8619049301672503,1.7263927083114738,1.9644260694071964,2.0206185032831874
Southampton,2.2956756784740224,2.322522321975913,2.2036311511830915,2.005539901581877,1.9114583583841123,2.724539272559451,2.657299771118482,2.3712150254514004,2.4383309834637625,2.2444862161802597,1.825108452839345,2.1201404523777336,2.393655155895616,2.1494952935614373,1.9885410288333534,2.4107511139031916,2.255552313226962,2.584172332417556,1.8909878786592011,1.6387134063558542,1.9624227795753255,1.8159088677828121,1.8408123489610058,1.7777057707675337,2.07555434972991,1.802692306672168,1.9003113923900379,1.8928485774119896,2.050577515360827,2.350431167580004,2.0617928123029885,1.889388724370519,1.6350313627223387,2.0197697009048508,2.1060746358761593,1.8862722530135316,1.9035998760035515,1.7757601385613195,2.223468719161551,2.068492170108267,2.213500826100601,2.371487084168746,2.1025194469308084,1.9467090215411746,1.958222050054484,1.9973276626310534,2.027110719300489,1.7392906282956513,2.0863714440988526,2.1070033144532574,1.967856679943705,2.1232895733245556,2.2781818147194373,2.343679133239704,2.1934838381995223,2.110177999320086,1.7015173954351026,2.0992337688904192,2.3390378642633958,2.2072552933399803,2.005708034158273,2.110722099633193,1.943382411473427,2.209692692623534,2.2136626948634985,2.408907572324709,2.2389697857619,1.9852513415007065,1.8671740095280025,1.8760402652981902,1.790398976476823,2.042842821019588,1.5087479823866146,1.9661158190092876,2.0105411448595203,1.862392591952052,2.244264174955611,2.674319049391683,2.1645146806768327,1.7671242075596933,1.9684057287472274,1.840525174273212,2.070525814237535,2.1554009453492067
Rome,12.249825932861354,11.640201645803511,10.444645571281072,11.559824428495197,11.972289250834319,11.237199737652695,11.067998819707906,11.397115444876789,11.079463286572079,11.105385231635324,11.026933289937261,12.176105479295604,11.44182065856227,12.134023308950777,11.389905802008077,12.02647654412547,11.707974684676811,11.213857224386246,10.085344076996742,10.978700331350662,11.115790357319987,10.365714621643125,11.566002104016192,12.252977880420781,11.505186637070063,11.404225082197529,11.126645649881596,12.015328143615868,11.312866346832175,11.580449117107616,11.378646328922805,11.599308063365456,11.115454420756203,10.545397757007084,11.047259900488694,11.799433513580222,11.883182601972482,11.62116723389404,11.599783087617439,11.128615848785511,11.147179234228108,10.657282306130453,10.351984625774323,10.12589532558807,10.04607497068991,10.303138689489149,9.957857223237356,10.822922156959226,10.510799757673421,10.11464631837803,10.375943307729665,10.34369984334493,9.867059512683921,9.815540070092364,9.943273356714188,9.752380170033302,9.675593929976706,9.42681772419979,10.279429195225337,9.975682010601313,10.748906024909555,10.419574257636501,10.568910983123036,10.285516808264745,9.97186174044012,10.110496597741923,9.64637130615737,9.589513579522128,9.399367945296312,9.850953514325132,8.650204210032626,10.077536530687814,10.089468787784206,9.689135968791971,9.796515912599046,10.06912721612839,10.158332172653836,10.165080799724533,10.218232037912617,9.977015570294391,9.391586580425376,9.476944074226088,10.334807124937255,10.259897227570857
Milan,14.121534108915103,10.384090787814436,16.754990577729483,16.503773432102676,16.127464044264887,15.100742224736443,15.074014389767687,14.649158559267601,15.395313844362654,15.177592558660015,12.584775774578018,15.519181061768435,14.401765443380862,15.336678781884459,14.887471959704172,15.907301407483741,15.207012244387846,14.874442932187804,14.498115287031668,14.260257029478128,14.478324308582614,13.749079943954529,14.209788563172319,13.150434159629299,13.54467878283949,13.475989129783281,15.94340950143887,15.27459598244391,15.541488125389941,14.372807200183502,14.663972241962357,14.963299690367943,14.442228473985063,14.86158116331057,14.185480054884573,15.852073455049123,15.419317159187411,13.429616228380926,15.861140722890575,15.99774153627063,15.231087721107144,14.828260199968755,15.151053059310213,14.860885891073472,15.636077099327741,15.811140604283112,15.801365746006416,15.585547861231959,15.710923617800841,15.456776621649531,14.904471736358518,16.57283269249943,14.772723880587863,15.439346120404094,14.789272388367346,14.870909279242944,14.776224301239615,14.874782609687637,13.136515600979502,15.910854757771169,16.62913445381731,15.92175650669001,17.074233023830317,15.510082233240512,16.347998528696124,15.63956222737006,15.001610762949738,14.091072465201172,14.962197187673171,15.339631012527176,13.834408504666786,16.95107355155772,15.73462594881507,15.58299468853436,15.988026753164087,15.969342818041712,15.347619160260413,15.174358060292235,14.78567338403567,15.070405762765498,13.772565676966938,13.576113227270927,15.352832586478032,12.918914555770028
Naples,9.481266393880807,8.78457294635188,8.305360530705089,8.886624209723385,8.927799924556872,9.069394547881629,8.831899115635693,8.866644973929994,8.43517655195283,8.968632924937518,9.029198374605128,10.016875310148299,9.465041937370268,9.288691273452015,8.812562093162223,9.34151955489698,8.755078662511403,9.001294830767952,8.38750661828349,8.559219122729885,9.024414929357853,8.275306846120152,9.121330376321358,9.461222099298544,9.114560483862208,7.874021653260826,8.734207129035893,8.892161295818598,9.306805991132816,8.579701559975717,9.00923667127697,8.83936417951988,8.636840949242561,8.646782398931947,9.078835438636,9.858111817609776,9.747598638154285,9.63975664617406,9.963240654311285,9.762164402918831,9.733661960085499,9.02907225414615,9.014005191149016,8.79557395927517,9.288897621431849,9.366434991707486,9.279151748122526,10.200540715729117,9.671015910677687,9.316440184478221,9.03871640556317,9.56769150787991,9.213991435180839,9.080167661740681,9.039360808550029,8.992046334138509,9.158038023055243,9.064337341208809,9.477739198464258,9.880368464073767,9.856316246088218,10.309816056630222,9.766023790833357,9.431862670853025,9.992317492231026,9.64535845487379,9.193913058749851,9.501159285870909,9.192980562548458,9.565804475006791,8.076549955588591,9.891050515076165,9.831921902008679,9.073536423039082,9.563619291089264,9.660056075839265,10.081153750939636,9.891692465523297,9.837632140602501,9.521942043774215,8.991848147938974,9.352191530876986,10.02512013961012,10.40069478343696
Turin,7.271506441902598,6.978855824790126,8.104993188184803,7.52111710286705,7.325772770392404,6.7666483970300275,6.797843110835612,7.055747522491968,7.370733974105642,7.276927684568251,6.307974061488223,7.907831860247482,7.519492499979649,7.830523793040625,7.24083598342425,7.916342206861491,7.579525508605593,7.306906590179025,7.076786703431596,6.826356125399609,7.11746796846892,7.055337723224008,7.4916409465410485,6.900402981386318,7.004129089905534,6.798192185694251,8.006553527622204,7.490172571105932,7.47233577706584,6.479019497627397,7.026453164086588,6.874226839732017,6.875028417363025,7.212863342546737,7.420029699318516,7.816000205991759,7.503031369296712,6.805822461217405,8.02864449958855,7.829724920208633,7.373750745897997,7.093325490015492,7.124818898756511,7.052763146779399,7.438386147588045,7.6927243387022886,7.825662615495748,10.538061975989931,7.4573873296637965,7.431640947302943,7.062076782936566,7.758592822678945,7.248884731390916,7.269823563960843,6.825589830060352,7.144279663825579,6.871928023977108,7.078464681709527,6.76644516585348,7.499412477637838,7.785464681796778,8.689220315122759,8.335742578368828,7.714875598367965,7.691106110206293,7.2782061217337475,7.162448736833618,6.814922946329493,7.006175522963819,7.470326977468063,7.421908280738186,7.994489469230471,7.36643817096303,7.7790264876466075,7.589476848649868,7.635138789113043,7.532217895531773,7.3535293768221335,7.209226630170508,7.114991989354989,6.873459512447,5.7316269380624,8.024095094673982,7.3221543927802655
Palermo,2.5231621730243528,2.624864917781871,2.1019513351984753,2.597593811967849,2.43647420315412,2.663474185748641,2.552668157482637,2.5569276027550565,2.4490553323951274,2.5109541193001546,2.4306931199494564,2.7964545818855853,2.6912948028328523,2.2627584198833812,2.508791323399152,2.480783915457253,2.392558845968752,2.208571938651815,2.308956023716607,2.3868041847601438,2.564595020082321,2.259488357048018,2.359960958142987,2.4775630083121616,2.4152708855965694,2.530129529175437,2.263745342146298,2.301288767807355,2.659913470845521,2.361488011305541,2.416830427945633,2.4364374284554957,2.3490758759970265,2.3732083163725153,2.59588259173025,2.573645201016716,2.7181906160598257,2.763577054319577,2.8085786146340053,2.737119497950922,2.8461480764282134,2.6699226818028827,2.7038496910443635,2.7043968534229483,2.6815714473597363,2.8402476901261244,2.7775991344769313,2.7900082576675214,2.7131126001251666,2.42895791167649,2.758305171878403,2.632131511112821,2.814862600724238,2.6175435518713916,2.8621947275206248,2.6365665351534164,2.606033943396702,2.6661246992106693,2.7875894300829844,2.505551129395657,2.4830614619221967,2.681452869962086,2.8306261506128845,2.543500409779464,2.8796351694428295,2.774321324246234,2.66494197730706,2.775814595075409,2.6545594885130956,2.6278059803427296,2.770054508958142,2.774983950136241,2.6203583622612374,2.7774445337247062,2.7000522477908016,2.6867161960913553,2.785670507819969,2.971001657548501,2.928244811961876,2.915957175761235,2.6995867722315943,2.7194000996560392,2.8658487483123114,2.749901487248607
Genoa,2.1924957580171647,1.6922243521314084,2.0899728301379117,1.9336719313854784,2.185704531936756,2.0842128997666403,2.050929623564541,2.1030718924964575,2.268417672821019,2.292364070763296,1.6378208784686892,2.319841162119455,2.4867255854960715,2.2913229094435095,2.2346169257352755,2.1079933005627134,2.125740082621047,2.035034259824491,1.9782451482874004,1.9791218363050282,1.9343721874159454,2.0328466899103774,2.0292708319640957,2.09223542639972,2.4078155578668716,2.043965207169875,2.313853845496919,2.0175514440064184,2.2601703197417518,2.142976130722017,2.16505920444474,2.181930468985245,2.173851452033114,2.3372247946566236,2.151442196345543,2.452064650615067,2.400770233771074,2.388938609795156,2.311566229498972,2.425542777385353,2.4074974645065006,2.0677437071872777,2.259750054088875,2.3492508656701108,2.397691457434674,2.6293707118780376,2.3466077874161555,2.4793742702561317,2.511832779107363,2.5438383355822767,2.48551943073604,2.4804502662883623,2.3878326584286804,2.4217842887106924,2.1443815537189415,2.4482553046563207,2.3489492011278275,2.471962843498313,2.2996203556494494,2.3807983157972252,2.589323532335908,2.774386780974541,2.479219812992028,2.4478606831861054,2.420395230112889,2.5414124121675954,2.305346491147183,2.2898250774468876,2.2983574453914724,2.4540880925684236,2.475773199956476,2.6128097042175704,2.4795211529191064,2.330311017738665,2.4503950913502743,2.48166467459717,2.5980080489516393,2.609727103617712,2.3671855949446634,2.3206093620714876,2.281217560979282,2.19706099521653,2.744602258167695,2.63433346278066
Bologna,3.7547390442868087,3.9766256525319847,3.6913539845385754,4.161796246807039,4.104648389495716,4.0447910796836455,3.9154471036309446,3.954012160255269,3.9091297341859943,4.147961869877105,3.6860960721204776,4.2631098356997335,3.91472929396708,3.977955281491519,4.266435558983145,4.316343010168985,3.9161804144631343,3.740354217775697,3.80489270052253,3.7576085981370206,3.9748326794844826,3.7369455167237655,3.912838532081708,3.6922499647227607,4.2837671327056395,3.55412582186294,3.90910434078467,4.24405069765151,4.132900956604047,3.8467936979221373,3.921803338347772,3.931285007915671,3.9633246293960567,3.8481117648581056,3.9865052851812735,4.20152465859858,4.040740670335706,4.37372425358742,4.6013582318211546,4.355434212757654,4.415533317611173,4.256776163527242,4.131168389126796,4.282281468732809,4.299157119062295,4.586020171475041,4.330778461951462,4.596548316052132,4.77948958807218,4.437326282864225,4.745614635227551,4.6349459642429975,4.539244460501898,4.511991318020663,4.1663270894543,4.364795226173288,4.235299258449967,4.08890289033226,3.99190102715033,4.606810694748666,4.739359582030969,4.736832440812194,5.055279172988503,4.660664556521718,4.703703013895586,4.887605992541164,4.310388627354061,4.373317607204729,4.378776467771616,4.471923815795921,4.118098073846148,4.546521025980408,4.566569843869878,4.797159943119346,4.695945841911627,4.865059681037506,4.818649051886583,4.656068585645286,4.593125265394837,4.486524456110176,4.483807945524806,4.474578509858229,4.398777627008115,4.25910430326272
Florence,4.478917400575841,3.9054697595529144,4.183668991702607,4.322478515385661,4.440815563147712,4.33918071234911,4.152516953695691,4.451563286460535,4.496411558874499,4.531666366275279,3.960540269127655,4.827355312749213,4.577144464609489,4.596447383763565,4.693080681901102,4.812901994706579,4.25794603438155,4.215111529216504,4.222870557853304,4.308058259173759,4.019161914033892,4.365590933224215,3.6929622025127715,4.259859857047705,4.198663271967242,3.5861609628835582,3.8026817517131533,4.675258116519624,4.469617451899986,3.9965488629217845,4.361056320324821,4.4019377037613605,4.471458079795553,4.565113120737533,4.331274847080361,5.016456481762147,5.001184726460077,4.986053424492968,4.538714331521738,4.951776930484204,4.962896058117661,4.854792361057522,4.734416995926235,4.746172245564273,4.775119774538118,5.038303107334868,4.781442454951659,5.119268440534624,4.695365270557047,4.662119915105199,5.055282806428717,5.026190808169932,4.913222137494343,4.847442624765894,4.49085943687533,4.673132458137428,4.640673236611315,4.628414779315374,4.325367597491745,4.484096949315904,5.123072146612074,5.278371794227166,5.084338922907758,4.7132196998548785,4.897530379184586,5.044980625601989,4.709873235760393,4.7876548309036835,4.678621295786611,4.853366767505837,4.1325860090490405,4.770041311465684,4.67959944632275,4.24463839403165,4.873727152306479,5.018438045390446,4.597949531393965,4.872391279465587,4.73808751703497,4.77993032264556,4.524831792654235,4.247930567879926,4.999978426726062,4.393656589078824
Bari,4.137567979768913,4.034917930338549,3.937043283844894,4.102907978130254,4.504816370304642,4.173800904015941,4.074503989254148,4.247902077047471,3.9185626651335665,4.0996694070144,4.093237522265791,4.795405523821136,4.20399586033417,3.9955269898670682,4.143607244274557,4.338401247013392,4.170373318794737,4.048894582344903,3.992224983815457,4.120474584934412,4.139544101486819,3.7407906205381054,4.389796708442808,4.464284443575853,4.25290980089447,4.16291045047618,4.004367565094632,3.8961487712875944,4.3916615172040645,3.9880838011971904,4.012015801077359,4.20098250008892,3.960642255517448,3.914471142571098,4.035756177882476,4.207671334268392,4.243880908949635,4.478399678258357,4.585052314412745,4.284473064686644,4.616991609083832,4.320939308002679,4.371316532333857,4.480267339593498,4.445253729699049,4.528439642809556,4.3828862962937425,4.488928147606437,4.293851784914821,4.247045608535019,4.515689342503725,4.431548333424973,4.568208766693806,4.419530174852168,4.291006744236178,4.2778847986705,4.390646764967037,4.2987278131101965,4.346303134455821,4.07625489830152,4.409541315799907,4.475891818370998,4.583975604635581,4.576405739822146,4.459088402595735,4.481378061753589,4.148928753363122,4.397763152305169,4.323349320335043,4.343933189476457,4.5975968542128065,4.483142224260162,4.4659767903283445,4.605627870436678,4.507419541571815,4.666498385516921,4.648021632322041,4.617629025734527,4.6755073816304344,4.613400269051317,4.366217409363449,4.563935960102145,4.102569570651961,4.519373936760399
Catania,3.709076362337766,4.4244023042551035,4.263550771703898,3.6568870966663534,3.7440657761274267,3.634461328869191,3.8619899995856417,3.9117170907925103,3.4701710461275237,3.4695082554952728,3.464717692435953,3.8083986622780013,3.666921466151889,2.730525688791083,3.0313497446041158,3.7221548089861667,4.954690968136676,3.315880635811591,3.384131181663316,3.466321781342583,3.4291547794281443,3.2676883203786553,3.6730892541248354,4.268409579154781,3.7333351284227505,3.7075534955637672,3.2565354785673173,3.3309690401322243,3.8672477666508267,3.4550763429442073,3.388107088350805,3.4439671415775055,3.380700856966021,3.2112633957173067,3.3742458633864314,3.5524348244250143,3.995982040606404,3.628847471094071,3.8129559785911495,3.772923404239811,3.8560339090893105,3.6553430131480553,3.764436776560959,3.6632094496264176,3.6629886695907943,3.753198640113971,3.575763452742342,4.064514489826064,3.7443093926441158,3.5650046427783186,3.9853204588529962,3.76574335604206,3.8217250936411693,3.804999818334858,3.809200031697434,3.575560009606082,3.569181432248029,3.3359240486211803,3.472393603265415,3.757183612600744,3.505979508403492,3.601693068213386,3.7896540931938762,3.5685082247536357,3.8568569494045244,3.723124263097816,3.579235661971186,3.6518615088107222,3.5567933206993647,3.5065234207346556,3.798453097443146,3.8133964271708836,3.493360532793668,3.7667013676592425,3.5820129396145055,3.437521059573335,3.709719896047257,3.832247000114287,3.732242210436998,3.6334852598007283,3.538092782685549,3.60673952850965,3.3763218799417194,3.680368505417074
Barcelona,11.629061129565724,12.379890946707466,12.628754249085553,12.299534189703216,11.837017281558328,11.16040928181712,11.024291343875973,10.967416765397989,10.940451607345063,11.28785813734606,10.783131196124165,12.285533555004406,12.595954607413574,12.497608093843134,10.771384437038847,12.073354082817367,11.661136882822731,11.339296532470431,10.666239204898147,10.829690559572395,10.806339910622835,11.068975513999693,11.53961078898932,10.930011399859707,12.336668030250143,11.512972028047397,12.11068399053062,11.436982376630091,11.582843030602406,11.427590361135005,11.096413311793505,10.958068277075675,10.936857764154714,10.57105840893514,11.089573852502534,11.7692281043278,11.75784137726457,11.009220164116636,11.867843530826793,11.689936734161648,11.62721193680068,11.09286303291997,10.965569727083423,10.65629962675272,11.120543375209298,11.410657602743596,11.771852933517666,11.763239845201923,11.78643929752609,11.825649567936077,12.553430034664247,12.07990472696202,11.543861960049416,11.593348231712774,10.8620397161229,10.798655522162228,10.259788221874711,10.058658703428497,10.476228018417148,11.693464270197966,12.176673288344272,12.29943381915492,12.073346042567886,11.093315209507253,11.696488654412782,11.448858543097765,10.897206868183845,11.110070241045896,10.986852641163585,11.402214804911507,11.623984776438817,11.673844386882287,11.686494936941894,11.922118571768038,11.73243703802562,11.369633470035414,11.330205643450284,10.758179663811378,10.808841456511328,10.364242153311976,10.81769004413492,11.301433004858618,11.476450599952566,11.008324720780273
Madrid,17.682981649654252,17.275941954512465,19.497357489916695,19.796493443887485,19.95502220261997,20.26838183415539,19.35579788489089,19.54903447931301,18.693391749191584,18.976115794678083,16.289428343308902,18.85490718045948,18.447713544631593,18.47641125475076,17.78227360341278,16.84014766296419,17.076802352504508,16.724342065875938,16.301739405573677,16.184943574694003,16.830066607951704,16.14908194501899,16.837152708495605,16.59544380429946,14.277712658116057,15.950912878478125,18.154037270572893,16.321584386053605,16.497885572555997,17.04450190997474,16.12959674147457,16.22125489955787,16.146383118460164,16.726292067429693,14.833408327502147,16.21691478833902,16.581404460313596,14.94706905127407,16.63755539424377,18.397818372373493,17.107821894433684,15.74217908328802,16.614287748415386,15.897875544564203,16.515386863890253,16.379111772411296,17.724221650320082,16.661494002876786,15.960196673669165,17.226978753387616,16.556978625728306,16.989039358336097,17.006362685059912,16.57645138588636,16.491779512465765,16.170908196313952,15.835511169540924,15.870068055397654,15.369775382319087,15.58527137972937,17.342256581032554,17.184484800242206,17.50729620223053,16.193577804184574,16.93297207715893,15.693714117690124,15.95817285859917,16.007549879724706,16.1914286530627,16.47783473448447,14.056598321631983,16.327455275569527,15.008813734276409,17.363876461858247,15.779910247171077,15.483685110209532,16.29134592683617,16.6283899811023,16.59592228343818,16.85398514869431,15.236485627651467,15.835030629740087,16.294532666088223,10.5845492919941
Sevilla,5.680450334756322,5.543983555499007,5.715410421036672,5.94062300768799,6.268165897633545,6.184185317846878,5.912137491282052,6.202782358136561,5.440991790967294,5.983227416088482,5.337863963265733,6.071368645104618,5.962461067848571,6.016162360511485,5.586585042597593,5.98740567429006,5.786445721299592,5.626868012862234,5.86056958479756,5.72035155742464,5.2912860361804235,4.4908779238943515,5.792983359161088,5.650597208358886,4.400163505092252,5.136957905452227,5.794166280151808,5.756649334876623,5.130916350802288,5.89370519251396,5.4830755534115845,5.458385587470674,5.565735337378416,5.498503626566289,5.527329837398034,5.5289292252327185,5.72741066791712,5.04692740210822,5.407837171537934,5.434932900851633,6.0001079175200385,5.73469196212401,5.795904836869491,5.725269491802544,5.822113398162421,5.934613313972919,5.98835394625803,5.829957343938658,5.277551383505641,5.916155343558304,4.822744238727308,5.690081892639221,5.974796920166442,5.809503352458052,5.761497954842024,5.62635198288644,5.5804512338564765,5.382899129655375,5.088479475472639,5.619218279941528,5.969273981505034,5.782456120566088,5.77135498095082,5.455409554379354,6.0987026195597105,5.780411508148486,5.6239311881193865,5.716685355475894,5.582400031889058,5.687143710675373,5.121282272381025,5.516927410592662,5.102907849245436,5.859292401611862,5.558168717737856,5.193110580189867,5.694338350738415,5.995716750598795,5.737165300157557,5.9040589272738755,5.390543209326504,5.830964809737162,5.611021060163604,4.803661440473913
Valencia,9.033027188735048,9.06834904961468,9.259669181398884,9.088213000171324,8.898172625525614,8.30148982053035,8.458660254128779,8.143422624843948,7.901738468319433,8.220553518032796,7.35737896262492,9.088546320874572,9.182322092545833,9.157804655749251,8.822639091571615,8.50050095822168,8.351256198007349,7.922218659166071,7.8066683382329725,7.909896565064471,8.162613587470705,7.717420360988144,8.240358341594002,8.17154553422625,8.645518296212456,8.69166851135316,8.842850050858521,8.33458724560764,7.875355144388809,8.15062293686896,7.557146557990641,7.523798400352345,7.486996591431072,7.703278852513132,7.820058797870831,7.505192089078673,8.22892776691153,8.135602045535423,8.707156402757523,8.59517701475358,8.250896948129382,7.973296233649748,7.89802518118168,7.740456884407243,7.620499412389248,7.615989279750605,7.976608011774337,7.893145549650464,7.986885097004772,8.258574136731754,8.810659189026612,7.8741291710291215,8.299194937708286,7.9845251026224044,7.808710859848441,7.2774516428382645,7.13328473821604,7.606926924546438,7.336389473684458,8.06705645151406,8.236793588301815,8.250787479251855,8.537479532397711,8.05752514534592,8.133297476953807,7.753190450282499,7.341525916885206,7.50451299156157,7.267181222268474,7.7380919975565705,8.068701779873523,7.804562407870569,6.982109210829312,8.04564794232489,6.673271107692235,6.877335644830827,7.545426796708669,7.445921273524184,7.342923689504339,7.451852309895974,7.085489189170578,7.386569006739593,7.193939387149083,7.829905256983779
Zaragoza,3.272597063031515,3.502855286026583,3.4965756405659603,3.642359755112862,3.7806284974406124,3.7293112689829266,3.563570480048868,3.6331666269962053,3.7045863825264234,3.831636158567465,3.205531544986535,3.6507579909164423,3.9047723940341665,3.8584024073464174,3.747287466625761,3.664038039090473,3.7764144547952325,3.534051860309539,3.4567279785008562,3.6709742988127347,3.6908359108699123,3.865430781193384,2.958587065872372,2.938796424574485,3.4349204290322897,3.66429952813596,3.8425164340260927,3.740494219287407,3.7930905705220845,3.6971794532398174,3.5938896318261664,3.7752175964196595,3.7314507039703444,3.725600043540788,3.089550638189042,2.632970635116085,3.371724070699757,3.7749400482181974,3.894916392299385,4.181244811279295,4.0262314634057494,3.6591100336381035,3.7716786935404008,3.7417443792028102,3.935437192496731,4.172494963027839,4.2345364808480594,3.6989841028022785,3.85302692450313,3.980959980224725,4.049298779572182,3.841216037247781,4.047067313747994,3.999208100718461,3.791386348506002,3.881769883391413,3.878914505918823,4.028636740221542,3.889361273174147,3.9652513460659176,4.04665824478558,4.083975778970415,4.2986410778587105,4.148728930798262,4.212997624447399,3.979300285135078,3.8874092179178197,4.001385025508597,4.057367062088646,4.117989064885257,3.992119915771092,3.5394207767431443,3.5902990278420415,4.219856002332539,3.8523293161016503,3.848546734136926,4.06893587187779,4.0681390123007715,4.011343826585638,4.078595951744423,3.788200232306863,3.888743016781705,3.799750100691892,3.489211144980935
Lisbon,9.738698221212138,8.806407959792912,11.430824505801212,12.08374534191664,12.923730015694547,12.32070059892105,12.327193520227238,12.827770726671737,12.05904922091747,12.00147746719572,11.190210230156202,12.878992110303543,11.541202863764921,11.066406537985257,12.318640459768291,12.115807262622345,12.398526782698484,12.368889520598032,12.72146504289671,11.63832384970194,11.693286311157722,10.411029833639173,11.830278745221586,11.175581704214276,10.318648098793728,10.80814178559522,12.492617198932752,11.806469836583652,12.10621554694159,12.321434311864955,12.716110798688236,12.055714239151685,11.94003660884792,12.182180691938154,11.421911161930758,12.16667968203199,11.319926569469574,11.095714563623286,11.209557856993687,12.486196833971537,12.641805537354864,12.07365748024175,12.1313818873457,12.074936902599822,12.646446033245898,11.13064735535222,12.499320174566073,11.56071010300383,12.003274926730755,11.621746805516013,9.24737195750592,11.720288515836792,12.672930087016503,11.768989471675868,12.020951119658198,12.450153754902638,11.9305238899394,11.617924329029735,11.00235753691744,10.95768116570259,11.792115990251295,11.782676748195088,11.30108166008226,11.843002829820923,11.454222644962886,11.77527507410416,11.542828272026096,10.955449405174635,12.069841027857617,11.278463707464354,8.4754057917252,11.764987381786211,10.890602325176554,11.088089976678365,11.550967983906293,10.918354453040646,11.408439516461467,10.318727237729975,11.286093879792208,9.92439996007638,9.045576668644168,10.544808925724194,9.710675836468914,10.083292157645431
Vila Nova de Gaia,5.7827949398943455,5.986414630026689,7.84718646567057,7.065896961177758,9.244602018396327,9.068458555543529,8.605091046720132,8.607819318917679,9.221301033288679,8.88998025261061,8.254740305996375,9.85333000784256,8.080178560450815,6.722059650071356,9.04436713133397,8.157842209894241,9.67801233999029,9.38312877485768,9.11295328342068,8.187111376441212,8.531370610633969,8.611281003987157,8.612755901425064,8.635891685721095,7.259359450108458,8.740111559515883,8.50530330590373,8.387472753054082,8.709858523796186,8.81635803427984,9.372407094534577,9.261702318961923,8.529592341752878,8.632891945152528,8.962841230878597,9.335939414038853,8.377099189278335,7.88587712506524,7.092091419702542,9.472092471558806,9.449366366440563,8.37765274559651,9.037642193816268,9.196427230478491,8.843759286434382,8.61780798037156,9.254891009916198,8.630390309985549,7.603571094614294,8.282881012643916,6.977682564852233,8.114461737974068,9.012107209114752,8.826123094978373,8.318780860924063,9.261139532944025,8.440602748351973,8.320345946543648,7.678929526722857,6.769519475523497,9.071198990248615,8.096426156274909,8.077509794322479,8.827528469640864,8.846971965896346,8.649498653605091,8.386737545299844,7.664008812831182,8.813908757219691,8.159370610575285,5.1829855990171,8.575613912107958,7.873791531083752,7.337190672398051,8.556234665209852,7.686314872744432,8.382978929377035,7.001303444397947,8.032234649852013,6.930726773075613,6.679239421748222,6.425261889619999,7.600557294007751,6.012776337550943
Porto,5.851623461264883,6.051931022033775,7.951158048208866,7.152220986025389,9.363632773424573,9.188261556234583,8.728110596595634,8.724051531672579,9.342667563611112,9.005210062785244,8.362377762981591,9.978565792106659,8.185363124509557,6.80025524043438,9.164737069738688,8.25965823809789,9.810858712325917,9.507581746226771,9.238624595921648,8.294417329217824,8.642658019093737,8.72674693115472,8.73076541135217,8.760792839579036,7.353127233487846,8.855169904202095,8.631373038600794,8.503323993004305,8.840022361128309,8.944012792472073,9.493634736724525,9.48969909694671,8.666446110845026,8.764977973366944,9.081839243595212,9.477407473751898,8.497503567646163,8.000473797119948,7.198763823434495,9.610559438273782,9.580847624109625,8.500912009996174,9.163107620112651,9.328475603481467,8.965979961138137,8.743966505132608,9.391055837787027,8.747836062211677,7.697086510660912,8.395706392260864,7.06644411662903,8.221656750816502,9.132675751317452,8.949650658173995,8.441697502304358,9.389761362734182,8.56162732082484,8.436341750208475,7.780787973646486,6.858032503782015,9.201081265469796,8.206696818967874,8.186154652201513,8.956216416179036,8.983134539668246,8.78345150633908,8.51643402520411,7.7811507095407775,8.94109390589901,8.274225082216935,5.255128046683372,8.69526679444879,7.99304967434246,7.440552516414486,8.68096864258968,7.795770979216283,8.513931894086607,7.113369536354573,8.166682915936638,7.0365290359362405,6.777535282188819,6.521938815177034,7.71371395801543,6.099257374155306
Braga,3.964964921007427,3.743716230463025,5.322040634042134,4.537423346079926,6.193509012920108,6.098564331642228,5.848458678144111,5.927295750515436,6.068665037401668,5.933773579576799,5.34120217767876,6.72949068742402,5.428037365545657,4.455457426470927,6.251654005566866,5.4833085740988246,6.668228142464275,6.259344672904613,6.106365369240058,5.702194614177721,5.759290399499217,5.776475018120597,5.938748211632874,6.058493256846713,4.795260168997481,5.735326075032509,5.800527471380713,5.645046342521606,6.083522553564066,6.0151202205737375,6.385286607976459,8.19870517202796,6.18064269245115,6.053859287505697,6.045961465752225,6.523307772181455,5.757257805774029,5.614744636165103,4.842900878252935,6.640125662173127,6.58526568191911,5.869628597964406,6.192879130863524,6.4889319287125895,6.215624612694238,6.236279967439824,6.490678663259379,5.893775740998775,5.236048671925395,5.743677538546247,4.830924699677485,5.632681774740742,6.272567211141085,6.163675977490243,5.956105608743599,6.632161769517507,6.067727343074677,5.947436946341397,5.482517854293426,4.8282441551023805,6.370266678465792,5.643054885454324,5.637987662613755,6.318485701927657,6.565432922476866,6.229745834252543,6.022937908035856,5.6820894292816275,6.226717798253642,5.615572223624615,3.642693655096312,5.99524249331801,5.581063371754548,5.139370542789868,6.159263504514506,5.500094283969724,6.155881701959162,5.180643159821349,6.248800657461709,5.211070914908151,4.816495091403997,4.615312619706859,5.618601871635099,4.359184028960306
Matosinhos,5.604237771550963,5.709815274318627,7.486355743349999,6.746983317322321,8.819380730113753,8.68267985915231,8.217908164736393,8.228334239834894,8.80300550518166,8.487435773253727,7.853768982731604,9.394319338919052,7.689116719699329,6.386338085407756,8.58952210822348,7.807292523214053,9.210709944006824,8.926095722389167,8.65209881932091,7.811123180779192,8.138440572616048,8.171941245234725,8.177017500837682,8.278576716039478,6.942067741440228,8.316151072133994,8.076832691560588,8.009194659443839,8.266224125718189,8.37013956549342,8.823287255836663,8.387033561877809,8.090121154339563,8.185723214225039,8.45760833347148,8.842878827874378,7.938010201541622,7.501396887317232,6.733390529291005,9.017950363184958,8.993935602319764,7.9743955825290715,8.564484540042226,8.749255727691434,8.430810245156291,8.22859318007925,8.813737981787177,8.213251780755161,7.245751023095159,7.932959419253287,6.731848165041863,7.759362721129074,8.600528058178195,8.434614248903337,7.948682344066812,8.867056570736763,8.048468449106016,7.974765708134271,7.329453444840764,6.366153055186479,8.631509883325847,7.690085076037156,7.717534084951023,8.423548107923631,8.461757010805133,8.271870098522085,8.009460669081399,7.340600481572345,8.387298884153497,7.786679107959714,5.033790070658225,8.165917867138697,7.522372244005473,6.969700370624139,8.220158447324131,7.4107716878372845,8.020348777136512,6.720441866201772,7.711844374919053,6.670896937662001,6.4088649835803615,6.1741074473280895,7.263354129290926,5.752905596457071
ZÃ¼rich,2.523386510225453,2.4164250016420423,2.7091258186328346,2.5627478831805766,2.734557015770271,2.8967629260150094,2.5940654439621467,2.671094965308445,2.6535443988390286,2.435128984693132,2.062980144050258,3.4708497697148126,3.052257929342455,2.952209374577371,2.702247384501695,2.9230870713097694,2.9824978501708217,2.8883113334251997,2.442821790807473,2.549141549203997,2.4707390596264376,2.1117292408572186,2.6138662971401843,2.408539627855897,3.491012334488125,2.10354468199845,2.476692896085419,2.587409011580206,3.0157160811639243,2.595198593716723,2.749114506516006,2.4098890169474383,2.5237073766038907,2.492569422133104,2.291388787803329,2.428578757482685,4.6502887828639805,2.6797439634638702,2.8492707556691323,3.105199992326974,3.107030463727968,2.869658525711269,2.8081008873394104,2.7267449563365225,2.4776142484185324,2.679284936296596,2.5765425367311448,2.030366217050622,2.2554180687042487,2.465638986298192,2.71007151525915,3.181340872677001,3.017784052150412,2.9956347009850366,2.6909828079124605,2.7879890789760706,2.6505057382376163,2.7815365471790447,2.4883260148878983,2.440049610049308,2.982929312095536,3.178202704883781,2.9312563206294775,2.5875195699640137,2.640106870410036,2.9509140237390232,2.7038806189121973,2.736007500138826,2.745408360214258,2.390756124991775,2.3550161998531296,2.265111832677272,2.0001651112719663,2.525348958753986,2.6990767833872704,2.6908258407169243,2.9912036158894946,2.9262150151351705,2.661840012640351,2.624395047158956,2.2012347147957145,2.3104333022889865,2.6350076874931587,2.2130259665573897
Geneva,2.861611475161722,2.6516300706697535,3.1463747238691386,2.7112150508285895,3.1791583703875466,3.2480669370006554,3.1375975964717786,2.9047366105747283,3.077179515523247,3.01586565750704,2.2842766907528507,4.283882258382354,4.30327679802351,3.323048102489201,3.2626711612677224,3.3157659219880977,3.3583204776596958,3.1591111195896167,2.9220329431162995,3.037345236229371,2.9702403429266044,2.878053818762099,3.0471644084865366,2.626164624177091,3.4354200382686866,2.680041999942072,3.3711118563051605,3.1505878736501476,3.2870127085507694,2.7694166385276344,3.0194825384543305,2.820310581240421,2.923306507188813,2.9754565175411614,2.7880769501914067,2.8885696023262346,2.883282725697172,3.147060802194512,3.204634537459072,3.4637260463456356,3.369492402132992,3.0152873560470006,2.920988791152751,2.897888671276854,2.932783168127441,3.162560947669588,3.182584026461367,3.085935866848118,2.41318911191833,2.549662569624476,3.1337521662121763,3.4046806302095547,3.1497442912434552,3.172021299598995,3.0338327878548954,3.0298326797986674,2.909633932342723,3.030170828407543,2.203096044081916,2.6079048149062287,3.264237147091291,3.537256146532178,2.918908554123233,3.1269052799450505,2.9431574398949087,3.22657483946466,2.9638722578838266,2.8406610253989943,2.8693410925048966,2.7727740964807053,2.338977371026793,2.3015406590264207,2.6032702836121437,2.8332397363924686,2.9398259374702502,2.9758670120455477,3.3477083399153496,3.272463135672728,2.7914302708209804,2.864639170754966,2.585877275004513,2.558144715190888,2.7925348641986067,2.7276319661763657
Basel,2.6894779812000973,2.6663322530171665,3.080722670590946,2.9155571421775606,2.803530783919448,3.1438508661891524,2.6983174592652195,2.7586741130779076,2.928571213990516,2.793230104615645,2.274289249378235,3.756957363878017,2.8078144064045185,2.9726301775091115,3.102658121161733,3.22852579655202,3.092666467005925,3.1286471069608095,2.915377196226119,2.8078956058415883,2.852978123357478,2.403661730221976,2.888162221375296,2.909736245508234,2.738983645374562,2.4542253208189044,2.958692670541234,2.9324919767744166,3.4553276743246526,2.774045712693725,2.941369577430803,2.750344434401078,2.9565483321175923,2.7876843585917968,2.5401484820915274,2.790599725167182,4.050780649123289,2.87806680856582,3.1944893058206794,3.3907827603185137,3.4453001038347235,3.112378196351835,2.9528639188991717,3.032429486207634,3.0238068903200657,3.0063816217171704,2.752166606158349,2.966330544867123,2.7103515996698238,3.036128007778537,3.0716745720023813,3.5295392383277546,3.1769214896644407,3.354033756461003,3.0205405506697875,3.1287735365711034,3.0388223581226157,3.152122460114405,2.8139331063079376,2.4366231890164043,2.557440292238788,3.185765740418656,3.1772045727228,2.9101487367665917,3.0328676830790138,3.268311605452339,2.9489491740948974,3.0077494162382967,2.966670851499747,2.814050488617041,2.456032904572737,2.931515705443081,2.7923294798652982,2.7786684541565028,3.058081789163729,3.136379870233779,3.292584132990035,3.253633548726749,3.318125596185369,3.0459632908542402,2.6869021873969268,2.496134745643007,2.947438498551937,2.6489196926049225
Lausanne,2.014139036251897,1.8877978466873762,2.057740326956327,1.765586911932785,2.0157270105573124,2.1292316725647096,2.089955782860286,1.7258512711928553,2.0175309332251397,1.9049482465799288,1.4898507927265952,2.907308055184772,2.8360377543438933,2.4706992141378024,2.193946252205353,2.0996422271293174,2.2420682058145216,2.098558678673784,1.848279249350674,1.8113743416671253,1.8123469403970582,1.7279536153665553,1.8996512097444571,1.8705044235580017,2.639262931128841,1.9474975362510836,2.2557980354990566,1.8796463847091893,2.049103320468153,1.8955704396287734,1.8308358625503547,1.7220056400085149,1.8711014896538165,1.918922568069103,1.8731168123599284,1.8642458827781516,2.4038183893228715,2.0817434024406154,2.1305703509826843,2.316050469185107,2.2302609628434156,2.095616578231171,2.0594175844793843,1.9696806974944219,1.9849539173281265,2.0036680665392987,2.2265797800465106,2.4889644056757287,1.8261665626467747,1.922169340520237,2.0841764842949777,2.345477252845103,2.1810454107508566,2.176086342595682,2.1294731784535936,2.088218348762376,2.0032965127693725,2.106723187963416,1.6077820314245943,1.9507552711765839,2.268398724810566,2.6022713229687864,2.13699514260778,2.1745015284826983,2.0455038285690543,2.3055178389860114,2.18153765460453,1.9481241313551132,1.9780616963763495,1.8951439646730301,1.66926417036459,1.8776365563691626,1.7543139261738763,2.003625276811548,2.0462984579373575,2.0717964745219213,2.4177001364562263,2.3587119393596527,2.0438709091047316,2.047401131173237,1.821762273772487,1.8730629044363296,2.109961918182313,2.2117275079655436
Bern,1.6050150963666878,1.5838194189170922,1.7406302056872947,1.5842330601221624,1.6805535417828374,1.9947175589580846,1.5871165398342437,1.576842124200294,1.7365229893693892,1.5579464220557306,1.2704725613447587,2.5642172412780884,2.1981683627705313,2.0960148028183325,1.8215307082352854,1.850430973698842,1.8679607910455815,1.8494921461444052,1.714083658675055,1.5283499983631599,1.5651144595769337,1.4399275963640206,1.5600736423176118,1.436088371720491,2.4620304896426686,1.3794208599482678,1.7851781763068666,1.624578515798622,1.9613271604518887,1.6436277062648146,1.5584697766993465,1.4037289461663567,1.5428828424124263,1.575736662828599,1.4374054132622829,1.4516563966223237,2.8331646701330424,1.707734196038246,1.863328233942466,1.9228119524880465,1.9148332359389937,1.7791793979545374,1.5934747606120558,1.6616821964215869,1.6963489696543415,1.6745092266713317,1.6836638797418293,1.8984054381742923,1.5745708104858376,1.5924868935260796,1.6551470013474896,1.9667935690501421,1.736469803907675,1.922198615679082,1.7053643960601783,1.6945697313242913,1.6245651610765452,1.6524037724602014,1.3006436848416965,1.3808440363273888,1.8199757035008444,2.1255833544633305,1.703697159840057,1.7576212837115384,1.5985521000102871,1.9418736867687916,1.8503245534766635,1.5386265919519047,1.65086145318421,1.3845420195628328,1.3684578668339962,1.394640055978828,1.271900396900467,1.6414416017137883,1.626974482030332,1.6586127073722174,2.0149558804218715,1.8808940517964465,1.7621521997829976,1.6225989660209548,1.3760065949581248,1.4402304027661144,1.6071598480270282,1.4108582364332674
NeuchÃ¢tel,1.5788446171190287,1.4789082092351744,1.5173722622630361,1.3387729196891287,1.4744348845296034,1.7102861363631998,1.596636828198277,1.3136961997942127,1.4853212250416032,1.3754943794051446,1.0661131563631208,2.2459343996555927,2.317735521215292,2.043706445254667,1.585547056892213,1.5464783593864173,1.6602167909522716,1.5791453271791402,1.4013572191910209,1.2998102308886135,1.2673616817268882,1.138411157826332,1.3143013892439988,1.2557336644075519,2.210531299375467,1.4664009305811305,1.8665042177691697,1.312714115928663,1.5376887609586627,1.3500511669224198,1.3009638808916055,1.1758483383109104,1.2915267037031744,1.35092828928699,1.3698318488318124,1.2479289823906226,2.384865757731184,1.498623917827983,1.5402251510547333,1.6180348098412103,1.6327108527132077,1.6145222114690778,1.346119600126915,1.4194400946117172,1.4137444371415708,1.4597021749343613,1.6643386878188708,1.9868081235675696,1.3416150542936907,1.6110321523824611,1.4683960955485003,1.6409645606196541,1.4927285425843497,1.6482300116317379,1.4542977973314242,1.4631503796606005,1.3746647003471195,1.4399811309807367,1.092604393839125,1.2542356411086553,1.746357892466028,2.2376206908528884,1.431814399570676,1.611743350858248,1.390023636123799,1.7468547329814945,1.6613604070552241,1.3144014124238743,1.4239017880614906,1.2641609828610523,1.1296745088241988,1.2690925396579316,1.1684356642497549,1.3055974546101807,1.4012439790009943,1.4421840078177168,1.7770261266817016,1.6905421080188627,1.535027102146566,1.4095012181694226,1.2255415200654565,1.2442105870283577,1.4511423908651444,1.479806403333724
